-- --------------------------------------------------------
-- Host:                         127.0.0.1
-- Server version:               10.1.21-MariaDB - mariadb.org binary distribution
-- Server OS:                    Win32
-- HeidiSQL Version:             9.5.0.5196
-- --------------------------------------------------------

/*!40101 SET @OLD_CHARACTER_SET_CLIENT=@@CHARACTER_SET_CLIENT */;
/*!40101 SET NAMES utf8 */;
/*!50503 SET NAMES utf8mb4 */;
/*!40014 SET @OLD_FOREIGN_KEY_CHECKS=@@FOREIGN_KEY_CHECKS, FOREIGN_KEY_CHECKS=0 */;
/*!40101 SET @OLD_SQL_MODE=@@SQL_MODE, SQL_MODE='NO_AUTO_VALUE_ON_ZERO' */;

-- Dumping structure for table apporder.detail_transaksi
CREATE TABLE IF NOT EXISTS `detail_transaksi` (
  `uniqid` varchar(25) NOT NULL,
  `id_detail_transaksi` bigint(35) NOT NULL AUTO_INCREMENT,
  `uniqid_transaksi` varchar(25) NOT NULL,
  `id_product` varchar(15) NOT NULL,
  `id_waiters` varchar(15) NOT NULL,
  `waktu_order` timestamp NOT NULL DEFAULT CURRENT_TIMESTAMP,
  `harga_jual` decimal(10,0) NOT NULL,
  `quantity` smallint(3) NOT NULL,
  `diskon_persen` decimal(2,0) NOT NULL,
  `pajak` decimal(2,0) NOT NULL,
  `keterangan_pesanan` int(11) NOT NULL,
  `status` tinyint(1) NOT NULL DEFAULT '0',
  `void` tinyint(1) DEFAULT '0',
  `id_tipe` tinyint(1) DEFAULT '1',
  PRIMARY KEY (`uniqid`),
  KEY `waiters` (`id_waiters`),
  KEY `uniqid_transaksi` (`uniqid_transaksi`),
  KEY `id_detail_transaksi` (`uniqid_transaksi`) USING BTREE,
  KEY `id_detail_transaksi_2` (`id_detail_transaksi`) USING BTREE,
  KEY `id_detail_transaksi_3` (`id_detail_transaksi`) USING BTREE,
  KEY `product` (`id_product`),
  CONSTRAINT `detail_transaksi_ibfk_1` FOREIGN KEY (`uniqid_transaksi`) REFERENCES `h_transaksi` (`uniqid`) ON UPDATE CASCADE
) ENGINE=InnoDB AUTO_INCREMENT=108 DEFAULT CHARSET=latin1;

-- Dumping data for table apporder.detail_transaksi: ~103 rows (approximately)
/*!40000 ALTER TABLE `detail_transaksi` DISABLE KEYS */;
INSERT INTO `detail_transaksi` (`uniqid`, `id_detail_transaksi`, `uniqid_transaksi`, `id_product`, `id_waiters`, `waktu_order`, `harga_jual`, `quantity`, `diskon_persen`, `pajak`, `keterangan_pesanan`, `status`, `void`, `id_tipe`) VALUES
	('97542221598818304', 1, '05a8a521aef4d53.48005139', '10003', '', '2018-02-19 11:27:07', 20000, 1, 20, 0, 0, 0, 0, 1),
	('97542221598818305', 2, '05a8a7d73650a58.29820371', '10003', '', '2018-02-19 14:32:03', 20000, 2, 20, 0, 0, 0, 0, 1),
	('97542221598818306', 3, '05a8a7d73650a58.29820371', '10004', '', '2018-02-19 14:32:03', 100000, 3, 20, 0, 0, 0, 0, 1),
	('97542221598818312', 4, '05a8aa864efa996.89354797', '10006', '', '2018-02-19 17:35:17', 1000, 2, 20, 0, 0, 0, 0, 1),
	('97542221598818313', 5, '05a8aa864efa996.89354797', '10003', '', '2018-02-19 17:35:17', 20000, 2, 20, 0, 0, 0, 0, 1),
	('97544122709049344', 6, '05a8bdd7f2871b2.93705038', '10003', '', '2018-02-20 15:34:07', 20000, 2, 20, 0, 0, 0, 0, 1),
	('97548055758241792', 7, '05a8f84f660a535.94863745', '10003', '', '2018-02-23 10:05:26', 20000, 1, 20, 0, 0, 0, 0, 1),
	('97548055758241793', 8, '05a8f84f660a535.94863745', '10004', '', '2018-02-23 10:05:26', 100000, 2, 20, 0, 0, 0, 0, 1),
	('97548398550319104', 9, '05a8fc7f1d94c20.79602580', '10003', '', '2018-02-23 14:51:14', 20000, 1, 20, 0, 0, 0, 0, 1),
	('97548398550319107', 10, '05a8ffc8f3a13c0.92471936', '10003', '', '2018-02-23 18:35:43', 20000, 3, 20, 0, 0, 0, 0, 1),
	('97549616173547520', 11, '05a90e194f1b252.63419110', '10003', '', '2018-02-24 10:52:53', 20000, 3, 20, 0, 0, 0, 0, 1),
	('97549616173547521', 12, '05a90e194f1b252.63419110', '10004', '', '2018-02-24 10:52:53', 100000, 2, 20, 0, 0, 0, 0, 1),
	('97549616173547524', 13, '15a90ece6be1ed9.97782108', '10006', '', '2018-02-24 11:41:10', 1000, 4, 20, 0, 0, 0, 0, 1),
	('97549616173547525', 14, '15a90ece6be1ed9.97782108', '10003', '', '2018-02-24 11:41:10', 20000, 2, 20, 0, 0, 0, 0, 1),
	('97549616173547526', 15, '15a90ece6be1ed9.97782108', '10004', '', '2018-02-24 11:41:59', 100000, 2, 20, 0, 0, 0, 0, 1),
	('97549616173547527', 16, '15a90ed52ba8051.10630939', '100000as2', '', '2018-02-24 11:42:58', 10000, 2, 20, 0, 0, 0, 0, 1),
	('97549616173547532', 17, '15a90ef62d42fb8.40061665', '10003', '', '2018-02-24 11:51:46', 20000, 2, 20, 0, 0, 0, 0, 1),
	('97549616173547533', 18, '15a90ef62d42fb8.40061665', '10004', '', '2018-02-24 11:51:46', 100000, 1, 20, 0, 0, 0, 0, 1),
	('97550937580634112', 19, '15a9298a860dc62.24914172', '10006', '', '2018-02-25 18:06:16', 1000, 2, 20, 0, 0, 0, 0, 1),
	('97550937580634113', 20, '15a9298a860dc62.24914172', '10003', '', '2018-02-25 18:06:16', 20000, 2, 20, 0, 0, 0, 0, 1),
	('97555380522975232', 21, '15a964cfbaffbf6.78382574', '10006', '', '2018-02-28 13:32:27', 1000, 2, 20, 0, 0, 0, 0, 1),
	('97555380522975233', 22, '15a964cfbaffbf6.78382574', '10003', '', '2018-02-28 13:32:27', 20000, 1, 20, 0, 0, 0, 0, 1),
	('97565563873656843', 23, '15a9f8b68148b76.18694967', '10006', '', '2018-03-07 13:49:12', 1000, 1, 20, 0, 0, 0, 0, 1),
	('97567198410702848', 24, '15aa0e96d2e4e29.21945700', '10006', '', '2018-03-08 14:42:37', 1000, 1, 20, 0, 0, 0, 0, 1),
	('97567198410702849', 25, '15aa0e96d2e4e29.21945700', '10003', '', '2018-03-08 14:42:37', 20000, 1, 20, 0, 0, 0, 0, 1),
	('97577620786380800', 26, '15aaa54afa17e39.90483034', '10006', '', '2018-03-15 18:10:39', 1000, 3, 20, 0, 0, 0, 0, 1),
	('97581982661214208', 27, '15aae629e475c77.92840174', '10006', '', '2018-03-18 19:59:10', 1000, 3, 20, 0, 0, 0, 0, 1),
	('97581982661214209', 28, '15aae629e475c77.92840174', '10003', '', '2018-03-18 19:59:10', 20000, 2, 20, 0, 0, 0, 0, 1),
	('97581982661214210', 29, '15aae72cb38acf0.93031160', '10003', '', '2018-03-18 21:08:11', 20000, 1, 20, 0, 0, 0, 0, 1),
	('97581982661214211', 30, '15aae72cb38acf0.93031160', '10006', '', '2018-03-18 21:08:11', 1000, 1, 20, 0, 0, 0, 0, 1),
	('97581982661214212', 31, '15aae731110e121.28907108', '10006', '', '2018-03-18 21:09:21', 1000, 1, 20, 0, 0, 0, 0, 1),
	('97581982661214213', 32, '15aae731110e121.28907108', '10003', '', '2018-03-18 21:09:21', 20000, 1, 20, 0, 0, 0, 0, 1),
	('97581982661214218', 33, '15aae73d2c80144.80552170', '10003', '', '2018-03-18 21:12:34', 20000, 1, 20, 0, 0, 0, 0, 1),
	('97581982661214223', 34, '15aae75e923d5d4.33943308', '10003', '', '2018-03-18 21:21:29', 20000, 1, 20, 0, 0, 0, 0, 1),
	('97581982661214224', 35, '15aae75e923d5d4.33943308', '10004', '', '2018-03-18 21:21:29', 100000, 1, 20, 0, 0, 0, 0, 1),
	('97581982661214225', 36, '5aae778b644518.87087269', '10003', '', '2018-03-18 21:28:27', 20000, 1, 20, 0, 0, 0, 0, 1),
	('97581982661214226', 37, '5aae79b2d1c6e0.78668997', '10003', '', '2018-03-18 21:37:38', 20000, 1, 20, 0, 0, 0, 0, 1),
	('97581982661214227', 38, '5aae79b2d1c6e0.78668997', '10004', '', '2018-03-18 21:37:39', 100000, 1, 20, 0, 0, 0, 0, 1),
	('97582758724894720', 39, '5aaf073a26e197.38052252', '10006', '', '2018-03-19 07:41:30', 1000, 1, 20, 0, 0, 0, 0, 1),
	('97582758724894721', 40, '5aaf073a26e197.38052252', '10003', '', '2018-03-19 07:41:30', 20000, 1, 20, 0, 0, 0, 0, 1),
	('97582758724894726', 41, '5aaf141865ba69.14234243', '10003', '', '2018-03-19 08:36:24', 20000, 3, 20, 0, 0, 0, 0, 1),
	('97582758724894727', 42, '5aaf141865ba69.14234243', '10004', '', '2018-03-19 08:36:24', 100000, 2, 20, 0, 0, 0, 0, 1),
	('97582758724894732', 43, '5aaf19dda87fd3.25816348', '10006', '', '2018-03-19 09:01:01', 1000, 2, 20, 0, 0, 0, 0, 1),
	('97582934952771588', 44, '5aaf616bcf0d37.04149691', '10003', '', '2018-03-19 14:06:19', 20000, 1, 20, 0, 0, 0, 0, 1),
	('97582934952771593', 45, '5aaf62fb3013c5.66931514', '10003', '', '2018-03-19 14:12:59', 20000, 1, 20, 0, 0, 0, 0, 1),
	('97582934952771594', 46, '5aaf630e0b79b3.10181207', '10003', '', '2018-03-19 14:13:18', 20000, 1, 20, 0, 0, 0, 0, 1),
	('97582934952771599', 47, '5aaf85ab0841e9.28261937', '10003', '', '2018-03-19 16:40:59', 22000, 1, 20, 0, 0, 0, 0, 1),
	('97582934952771604', 48, '5aaf862367b047.18971499', '10003', '', '2018-03-19 16:42:59', 22000, 1, 20, 0, 0, 0, 0, 1),
	('97587973586944000', 49, '5ab3c2ec912709.09881002', '10006', '', '2018-03-22 21:51:24', 1000, 1, 20, 0, 0, 0, 0, 1),
	('97587973586944001', 50, '5ab3c2ec912709.09881002', '10004', '', '2018-03-22 21:51:24', 100000, 1, 20, 0, 0, 0, 0, 1),
	('97587973586944002', 51, '5ab3c30be033f2.80480678', '10006', '', '2018-03-22 21:51:55', 1000, 1, 20, 0, 0, 0, 0, 1),
	('97587973586944005', 52, '5ab3c384caf139.84586280', '10006', '', '2018-03-22 21:53:56', 1000, 1, 20, 0, 0, 0, 0, 1),
	('97588714317807616', 53, '5ab47c7ccde6e9.07817232', '10003', '', '2018-03-23 11:03:08', 20000, 1, 20, 0, 0, 0, 0, 1),
	('97588714317807617', 54, '5ab47dbf4fca37.98172874', '10006', '', '2018-03-23 11:08:31', 1000, 1, 20, 0, 0, 0, 0, 1),
	('97588714317807618', 55, '5ab48255514a88.99201509', '10003', '', '2018-03-23 11:28:05', 20000, 1, 20, 0, 0, 0, 0, 1),
	('97588714317807619', 56, '5ab483c843ac19.92861379', '10003', '', '2018-03-23 11:34:16', 20000, 1, 20, 0, 0, 0, 0, 1),
	('97600390572277760', 57, '5abf2879278942.55065784', '10005', '', '2018-03-31 13:19:37', 1, 1, 20, 0, 0, 0, 0, 1),
	('97600390572277761', 58, '5abf2879278942.55065784', '1000044', '', '2018-03-31 13:19:37', 10000, 1, 20, 0, 0, 0, 0, 1),
	('97600390572277762', 59, '5abf318dc6b4e6.68013768', '10003', '', '2018-03-31 13:58:21', 20000, 1, 20, 0, 0, 0, 0, 1),
	('97600390572277764', 60, '5abf3480101fb6.08198758', '10006', '', '2018-03-31 14:10:56', 1000, 1, 20, 0, 0, 0, 0, 1),
	('97600390572277767', 61, '5abf36f8465cc7.25557073', '10006', '', '2018-03-31 14:21:28', 1000, 1, 20, 0, 0, 0, 0, 1),
	('97600390572277768', 62, '5abf36f8465cc7.25557073', '10003', '', '2018-03-31 14:21:28', 20000, 1, 20, 0, 0, 0, 0, 1),
	('97600390572277769', 63, '5abf3b7f17ccc6.98927009', '200040', '', '2018-03-31 14:40:47', 25000, 1, 20, 0, 0, 0, 0, 1),
	('97600390572277770', 64, '5abf3b7f17ccc6.98927009', '200068', '', '2018-03-31 14:40:47', 3000, 1, 20, 0, 0, 0, 0, 1),
	('97600390572277771', 65, '5abf577924e5a7.98990913', '200068', '', '2018-03-31 16:40:09', 3000, 1, 20, 0, 0, 0, 1, 1),
	('97600390572277772', 66, '5abf5914742080.57502370', '200040', '', '2018-03-31 16:47:00', 25000, 1, 20, 0, 0, 0, 0, 1),
	('97600390572277773', 67, '5abf7dc307fc77.34957511', '200040', '', '2018-03-31 19:23:31', 25000, 2, 20, 0, 0, 0, 0, 1),
	('97600390572277774', 68, '5abf7dc307fc77.34957511', '200006', '', '2018-03-31 19:23:31', 18000, 1, 20, 0, 0, 0, 0, 1),
	('97606189767983104', 69, '5ac4517ced39e6.59822041', '200040', '', '2018-04-04 11:15:57', 25000, 1, 20, 0, 0, 0, 0, 1),
	('97606702681030662', 70, '5ac4e50b5a8b73.48900346', '200040', '', '2018-04-04 21:45:31', 25000, 1, 20, 0, 0, 0, 0, 1),
	('97606702681030663', 71, '5ac4e6e6b85769.19272541', '200068', '', '2018-04-04 21:53:26', 3000, 1, 20, 0, 0, 0, 0, 1),
	('97606702681030664', 72, '5ac4e7ed947608.31989062', '200068', '', '2018-04-04 21:57:49', 3000, 1, 20, 0, 0, 0, 0, 1),
	('97607717182504960', 73, '5ac6334b201a38.70216541', '200068', '', '2018-04-05 21:31:39', 3000, 1, 0, 0, 0, 0, 0, 1),
	('97607717182504961', 74, '5ac639b1f1c155.82091396', '200068', '', '2018-04-05 21:58:58', 3000, 1, 10, 0, 0, 0, 0, 1),
	('97609290113613824', 75, '5ac72c9685c833.64286529', '200040', '', '2018-04-06 15:15:18', 25000, 1, 0, 0, 0, 0, 1, 1),
	('97609290113613825', 76, '5ac72c9685c833.64286529', '200068', '', '2018-04-06 17:15:56', 3000, 1, 0, 0, 0, 0, 0, 1),
	('97609290113613826', 77, '5ac72c9685c833.64286529', '200068', '', '2018-04-06 18:36:26', 3000, 6, 0, 0, 0, 0, 1, 1),
	('97609290113613827', 78, '5ac72c9685c833.64286529', '200040', '', '2018-04-06 18:36:27', 25000, 3, 0, 0, 0, 0, 0, 1),
	('97736485670748160', 79, '5b3ad731a156f2.26091589', '200040', '', '2018-07-03 08:53:53', 25000, 1, 0, 0, 0, 0, 0, 1),
	('97736485670748161', 80, '5b3ad731a156f2.26091589', '200080', '', '2018-07-03 08:53:53', 5000, 1, 0, 0, 0, 0, 0, 1),
	('97736485670748162', 81, '5b3ad7b11b6094.60657757', '200068', '', '2018-07-03 08:56:01', 3000, 1, 0, 0, 0, 0, 0, 1),
	('97736485670748163', 82, '5b3ad849654808.80229137', '200040', '', '2018-07-03 08:58:33', 25000, 1, 0, 0, 0, 0, 0, 1),
	('97736663844782080', 83, '5b3afde62c27a0.86922701', '200040', '', '2018-07-03 11:39:02', 25000, 1, 0, 0, 0, 0, 0, 1),
	('97736663844782081', 84, '5b3afde62c27a0.86922701', '200005', '', '2018-07-03 11:40:21', 15000, 1, 0, 0, 0, 0, 0, 1),
	('97747179552112640', 85, '5b448c3ccd6553.11081430', '100001', '', '2018-07-10 17:36:44', 20000, 1, 0, 0, 0, 0, 0, 1),
	('97747179552112641', 86, '5b448c3ccd6553.11081430', '100013', '', '2018-07-10 17:36:44', 15000, 1, 0, 0, 0, 0, 0, 1),
	('97752500530053120', 87, '5b496d702cc718.83495875', '200068', '', '2018-07-14 10:26:40', 3000, 1, 0, 0, 0, 0, 0, 1),
	('97752500530053121', 88, '5b496d702cc718.83495875', '100001', '', '2018-07-14 10:26:40', 20000, 1, 0, 0, 0, 0, 0, 1),
	('97788755103973376', 89, '5b6a71adb76e78.13879632', '200040', '', '2018-08-08 11:29:33', 25000, 1, 0, 0, 0, 0, 0, 1),
	('97840949878587392', 90, '5b9a1e890cdfa9.13156999', '200040', '', '2018-09-13 15:23:37', 25000, 1, 0, 0, 0, 0, 0, 1),
	('97840949878587393', 91, '5b9a1e890cdfa9.13156999', '200080', '', '2018-09-13 15:23:38', 5000, 1, 0, 0, 0, 0, 0, 1),
	('97840949878587394', 92, '5b9a33b7458c06.66295269', '200068', '', '2018-09-13 16:53:59', 3000, 1, 0, 0, 0, 0, 0, 1),
	('97848267227791360', 93, '5ba0e72d9ac825.29561088', '200040', '', '2018-09-18 18:53:18', 25000, 1, 0, 0, 0, 0, 0, 1),
	('97848267227791361', 94, '5ba0e72d9ac825.29561088', '200068', '', '2018-09-18 18:53:18', 3000, 1, 0, 0, 0, 0, 0, 1),
	('97848267227791362', 95, '5ba0f7a4709056.01572923', '200040', '', '2018-09-18 20:03:32', 25000, 1, 0, 0, 0, 0, 0, 1),
	('97848267227791363', 96, '5ba0f7a4709056.01572923', '200044', '', '2018-09-18 20:03:32', 25000, 1, 0, 0, 0, 0, 0, 1),
	('97849594926333952', 97, '5ba1b8ca1b51d1.58679215', '200040', '', '2018-09-19 09:47:38', 25000, 1, 0, 0, 0, 0, 0, 1),
	('97850140773056512', 98, '5ba256b5339e95.51586743', '200080', '', '2018-09-19 21:01:25', 5000, 1, 0, 0, 0, 0, 0, 1),
	('97850140773056513', 99, '5ba256b5339e95.51586743', '200005', '', '2018-09-19 21:01:25', 15000, 1, 0, 0, 0, 0, 0, 1),
	('97851109657280512', 100, '5ba32570881a50.76598737', '200068', '', '2018-09-20 11:43:29', 3000, 1, 0, 0, 0, 0, 0, 1),
	('97854097964662784', 101, '5ba5d8c32945d9.41571317', '200040', '', '2018-09-22 12:53:07', 25000, 1, 0, 0, 0, 0, 0, 1),
	('97854097964662785', 102, '5ba5d8c32945d9.41571317', '200005', '', '2018-09-22 12:53:07', 15000, 1, 0, 0, 0, 0, 0, 1),
	('97854097964662795', 103, '5ba5dcf456c6b2.07205050', '200068', '', '2018-09-22 13:11:00', 3000, 1, 0, 0, 0, 0, 0, 1),
	('97944286875615232', 104, '5bf7d95b520144.08980446', '200040', '', '2018-11-23 17:41:31', 25000, 1, 0, 0, 0, 0, 0, 1),
	('97961396968357888', 105, '5c07653fbe4bc0.56816910', '100001', '', '2018-12-05 12:42:23', 20000, 1, 0, 0, 0, 0, 0, 1),
	('97961396968357889', 106, '5c07653fbe4bc0.56816910', '200080', '', '2018-12-05 12:42:23', 5000, 1, 0, 0, 0, 0, 0, 1),
	('97961396968357890', 107, '5c07653fbe4bc0.56816910', '200005', '', '2018-12-05 12:42:23', 15000, 1, 0, 0, 0, 0, 0, 1);
/*!40000 ALTER TABLE `detail_transaksi` ENABLE KEYS */;

-- Dumping structure for table apporder.detail_transaksi_point
CREATE TABLE IF NOT EXISTS `detail_transaksi_point` (
  `uniqid` varchar(25) NOT NULL,
  `id_point` bigint(35) NOT NULL AUTO_INCREMENT,
  `debit` int(7) NOT NULL,
  `kredit` int(7) NOT NULL,
  `keterangan` varchar(35) NOT NULL,
  `uniqid_transaksi` varchar(25) NOT NULL,
  `id_product` varchar(25) NOT NULL,
  `quantity` int(10) DEFAULT '1',
  PRIMARY KEY (`uniqid`),
  KEY `id_detail_transaksi` (`id_point`)
) ENGINE=InnoDB AUTO_INCREMENT=29 DEFAULT CHARSET=latin1;

-- Dumping data for table apporder.detail_transaksi_point: ~25 rows (approximately)
/*!40000 ALTER TABLE `detail_transaksi_point` DISABLE KEYS */;
INSERT INTO `detail_transaksi_point` (`uniqid`, `id_point`, `debit`, `kredit`, `keterangan`, `uniqid_transaksi`, `id_product`, `quantity`) VALUES
	('97736485670748164', 1, 125, 0, 'Tambah point5b3ad849654808.80229137', 'pt5b3ad861271ce0.66561730', '', 1),
	('97736485670748165', 2, 0, 1, 'gantungan kunci', 'pt5b3ad8abb96b14.71880517', '1', 1),
	('97736485670748166', 3, 0, 1, 'gantungan kunci', 'pt5b3ad912387a61.08891061', '1', 1),
	('97736663844782082', 4, 200, 0, 'Tambah point5b3afde62c27a0.86922701', 'pt5b3afe5f8daaf6.19343130', '', 1),
	('97747179552112642', 5, 175, 0, 'Tambah point5b448c3ccd6553.11081430', 'pt5b449020910833.71128047', '', 1),
	('97752500530053122', 6, 115, 0, 'Tambah point5b496d702cc718.83495875', 'pt5b496dac2b2c87.04385800', '', 1),
	('97850140773056514', 7, 1667, 0, 'Tambah point5ba256b5339e95.51586743', 'pt5ba256eca1c4d2.67436189', '', 1),
	('97850140773056515', 8, 1667, 0, 'Tambah point5ba256b5339e95.51586743', 'pt5ba256f6a4d6a8.22355823', '', 1),
	('97850140773056516', 9, 1667, 0, 'Tambah point5ba256b5339e95.51586743', 'pt5ba2571b13d6c2.08091561', '', 1),
	('97850140773056517', 10, 1667, 0, 'Tambah point5ba256b5339e95.51586743', 'pt5ba2573ce7fb58.28344690', '', 1),
	('97850140773056519', 11, 1667, 0, 'Tambah point5ba256b5339e95.51586743', 'pt5ba257b52e2927.01908403', '', 1),
	('97851109657280513', 12, 250, 0, 'Tambah point5ba32570881a50.76598737', 'pt5ba3259d9993f9.00293670', '', 1),
	('97851109657280514', 13, 250, 0, 'Tambah point5ba32570881a50.76598737', 'pt5ba327ee4d61b6.88530071', '', 1),
	('97851109657280515', 14, 250, 0, 'Tambah point5ba32570881a50.76598737', 'pt5ba327f50f76d2.27391247', '', 1),
	('97851109657280516', 15, 250, 0, 'Tambah point5ba32570881a50.76598737', 'pt5ba3280896fdb7.13900260', '', 1),
	('97851109657280517', 16, 250, 0, 'Tambah point5ba32570881a50.76598737', 'pt5ba3289acf79f6.46568098', '', 1),
	('97854097964662786', 17, 3333, 0, 'Tambah point5ba5d8c32945d9.41571317', 'pt5ba5d8ddad3c32.61326175', '', 1),
	('97854097964662787', 18, 3333, 0, 'Tambah point5ba5d8c32945d9.41571317', 'pt5ba5d8e7772c23.50783440', '', 1),
	('97854097964662788', 19, 3333, 0, 'Tambah point5ba5d8c32945d9.41571317', 'pt5ba5d9468b8b07.71705771', '', 1),
	('97854097964662789', 20, 3333, 0, 'Tambah point5ba5d8c32945d9.41571317', 'pt5ba5d974f37684.77999748', '', 1),
	('97854097964662790', 21, 3333, 0, 'Tambah point5ba5d8c32945d9.41571317', 'pt5ba5d9983c5c85.73712283', '', 1),
	('97854097964662791', 22, 3333, 0, 'Tambah point5ba5d8c32945d9.41571317', 'pt5ba5d9ae37c914.49171391', '', 1),
	('97854097964662792', 23, 3333, 0, 'Tambah point5ba5d8c32945d9.41571317', 'pt5ba5d9c63f3380.03555401', '', 1),
	('97854097964662796', 24, 250, 0, 'Tambah point5ba5dcf456c6b2.07205050', 'pt5ba5dd0dad8e64.50700371', '', 1),
	('97854097964662799', 25, 0, 1, 'gantungan kunci', 'pt5ba5e5a6c18cc5.14535014', '1', 1),
	('97944286875615233', 26, 2083, 0, 'Tambah point5bf7d95b520144.08980446', 'pt5bf7d96b69a724.03889888', '', 1),
	('97961396968357891', 27, 2, 0, 'Tambah point5c07653fbe4bc0.56816910', 'pt5c07656b43f428.95096276', '', 1),
	('97961396968357900', 28, 0, 1, 'gantungan kunci', 'pt5c076741e6ec32.33368569', '1', 1);
/*!40000 ALTER TABLE `detail_transaksi_point` ENABLE KEYS */;

-- Dumping structure for table apporder.h_transaksi
CREATE TABLE IF NOT EXISTS `h_transaksi` (
  `uniqid` varchar(25) NOT NULL,
  `id_transaksi` int(15) NOT NULL AUTO_INCREMENT,
  `id_metode` tinyint(1) NOT NULL DEFAULT '1',
  `prefix_bill` char(5) NOT NULL DEFAULT 'PC-',
  `prefix_number` smallint(6) NOT NULL DEFAULT '10000',
  `id_customer` varchar(17) NOT NULL,
  `id_meja` varchar(3) NOT NULL,
  `id_waiters` varchar(17) NOT NULL,
  `id_kasir` varchar(25) NOT NULL,
  `waktu_order` timestamp NOT NULL DEFAULT CURRENT_TIMESTAMP,
  `status` tinyint(1) NOT NULL,
  `status_print` tinyint(4) DEFAULT '0',
  `eod` date NOT NULL,
  `eom` date NOT NULL,
  `eoy` year(4) NOT NULL DEFAULT '2000',
  `id_tipe` tinyint(1) DEFAULT '1',
  PRIMARY KEY (`uniqid`),
  UNIQUE KEY `id_transaksi` (`id_transaksi`),
  KEY `meja` (`id_meja`),
  CONSTRAINT `meja` FOREIGN KEY (`id_meja`) REFERENCES `m_meja` (`id_meja`) ON UPDATE CASCADE
) ENGINE=InnoDB AUTO_INCREMENT=100 DEFAULT CHARSET=latin1 COMMENT='Table untuk menyimpan header transaksi order pelanggan shop';

-- Dumping data for table apporder.h_transaksi: ~77 rows (approximately)
/*!40000 ALTER TABLE `h_transaksi` DISABLE KEYS */;
INSERT INTO `h_transaksi` (`uniqid`, `id_transaksi`, `id_metode`, `prefix_bill`, `prefix_number`, `id_customer`, `id_meja`, `id_waiters`, `id_kasir`, `waktu_order`, `status`, `status_print`, `eod`, `eom`, `eoy`, `id_tipe`) VALUES
	('05a853d32ab8b11.32483418', 7, 1, 'PC-', 10000, '0', '003', '0', 'kasir', '2018-02-15 14:56:34', 0, 0, '2018-04-01', '0000-00-00', '0000', NULL),
	('05a853d711ba3b1.06591356', 8, 1, 'PC-', 10000, '0', '002', '0', 'kasir', '2018-02-15 14:57:37', 1, 0, '2018-04-01', '0000-00-00', '0000', NULL),
	('05a853dd13b02d4.91600806', 9, 1, 'PC-', 10000, '0', '002', '0', 'kasir', '2018-02-15 14:59:13', 0, 0, '2018-04-01', '0000-00-00', '0000', NULL),
	('05a87989bb850d8.22292654', 10, 1, 'PC-', 10000, '0', '004', '0', 'kasir', '2018-02-17 09:51:07', 1, 0, '2018-04-01', '0000-00-00', '0000', NULL),
	('05a8799cdaf6795.98813893', 11, 1, 'PC-', 10000, '0', '005', '0', 'kasir', '2018-02-17 09:56:13', 1, 0, '2018-04-01', '0000-00-00', '0000', NULL),
	('05a879ae288ca30.80076983', 12, 1, 'PC-', 10000, '0', '007', '0', 'kasir', '2018-02-17 10:00:50', 0, 0, '2018-04-01', '0000-00-00', '0000', NULL),
	('05a879b36469399.28919532', 13, 1, 'PC-', 10000, '0', '009', '0', 'kasir', '2018-02-17 10:02:14', 1, 0, '2018-04-01', '0000-00-00', '0000', NULL),
	('05a879e178a7d20.78441679', 14, 1, 'PC-', 10000, '0', '010', '0', 'kasir', '2018-02-17 10:14:31', 1, 0, '2018-04-01', '0000-00-00', '0000', NULL),
	('05a8a521aef4d53.48005139', 28, 1, 'PC-', 10000, '0', '010', '0', 'kasir', '2018-02-19 11:27:07', 1, 0, '2018-04-01', '0000-00-00', '0000', NULL),
	('05a8a7d73650a58.29820371', 29, 1, 'PC-', 10000, '0', '011', '0', 'kasir', '2018-02-19 14:32:03', 1, 0, '2018-04-01', '0000-00-00', '0000', NULL),
	('05a8aa864efa996.89354797', 30, 1, 'PC-', 10000, '0', '011', '0', 'kasir', '2018-02-19 17:35:17', 0, 0, '2018-04-01', '0000-00-00', '0000', NULL),
	('05a8bdd7f2871b2.93705038', 31, 1, 'PC-', 10000, '0', '012', '0', 'kasir', '2018-02-20 15:34:07', 1, 0, '2018-04-01', '0000-00-00', '0000', NULL),
	('05a8f84f660a535.94863745', 32, 1, 'PC-', 10000, '0', '012', '0', 'kasir', '2018-02-23 10:05:26', 1, 0, '2018-04-01', '0000-00-00', '0000', NULL),
	('05a8fc7f1d94c20.79602580', 33, 1, 'PC-', 10000, '0', '012', '0', 'kasir', '2018-02-23 14:51:14', 1, 0, '2018-04-01', '0000-00-00', '0000', NULL),
	('05a8ffc8f3a13c0.92471936', 34, 1, 'PC-', 10000, '0', '010', '0', 'kasir', '2018-02-23 18:35:43', 1, 0, '2018-04-01', '0000-00-00', '0000', NULL),
	('05a90e194f1b252.63419110', 35, 1, 'PC-', 10000, '0', '006', '0', 'kasir', '2018-02-24 10:52:53', 1, 0, '2018-04-01', '0000-00-00', '0000', NULL),
	('15a90ece6be1ed9.97782108', 36, 1, 'PC-', 10000, '0', '006', '0', 'kasir', '2018-02-24 11:41:10', 1, 0, '2018-04-01', '0000-00-00', '0000', NULL),
	('15a90ed52ba8051.10630939', 37, 1, 'PC-', 10000, '0', '012', '0', 'kasir', '2018-02-24 11:42:58', 1, 0, '2018-04-01', '0000-00-00', '0000', NULL),
	('15a90ef62d42fb8.40061665', 38, 1, 'PC-', 10000, '0', '010', '0', 'kasir', '2018-02-24 11:51:46', 1, 0, '2018-04-01', '0000-00-00', '0000', NULL),
	('15a9298a860dc62.24914172', 39, 1, 'PC-', 10000, '0', '012', '0', 'kasir', '2018-02-25 18:06:16', 0, 0, '2018-04-01', '0000-00-00', '0000', NULL),
	('15a964cfbaffbf6.78382574', 40, 1, 'PC-', 10000, '0', '013', '0', 'kasir', '2018-02-28 13:32:27', 0, 0, '2018-04-01', '0000-00-00', '0000', NULL),
	('15a9f8b68148b76.18694967', 41, 1, 'PC-', 10000, '0', '010', '0', 'kasir', '2018-03-07 13:49:12', 1, 0, '2018-04-01', '0000-00-00', '0000', NULL),
	('15aa0e96d2e4e29.21945700', 42, 1, 'PC-', 10000, '0', '006', '0', 'kasir', '2018-03-08 14:42:37', 1, 0, '2018-04-01', '0000-00-00', '0000', NULL),
	('15aaa54afa17e39.90483034', 43, 1, 'PC-', 10000, '0', '010', '0', 'kasir', '2018-03-15 18:10:39', 0, 0, '2018-04-01', '0000-00-00', '2000', NULL),
	('15aae629e475c77.92840174', 45, 1, 'PC-', 10000, '0', '0', '0', 'kasir', '2018-03-18 19:59:10', 1, 0, '2018-04-01', '0000-00-00', '2000', NULL),
	('15aae72cb38acf0.93031160', 46, 1, 'PC-', 10000, '0', '0', '0', 'kasir', '2018-03-18 21:08:11', 1, 0, '2018-04-01', '0000-00-00', '2000', NULL),
	('15aae731110e121.28907108', 47, 1, 'PC-', 10000, '0', '0', '0', 'kasir', '2018-03-18 21:09:21', 1, 0, '2018-04-01', '0000-00-00', '2000', NULL),
	('15aae73d2c80144.80552170', 48, 1, 'PC-', 10000, '0', '0', '0', 'kasir', '2018-03-18 21:12:34', 1, 0, '2018-04-01', '0000-00-00', '2000', NULL),
	('15aae75e923d5d4.33943308', 49, 1, 'PC-', 10000, '0', '0', '0', 'kasir', '2018-03-18 21:21:29', 1, 0, '2018-04-01', '0000-00-00', '2000', NULL),
	('5aae778b644518.87087269', 50, 2, 'PC-', 10000, '0', '0', '0', 'kasir', '2018-03-18 21:28:27', 1, 3, '2018-04-01', '0000-00-00', '2000', NULL),
	('5aae79b2d1c6e0.78668997', 51, 2, 'PC-', 10000, '0', '0', '0', 'kasir', '2018-03-18 21:37:38', 1, 0, '2018-04-01', '0000-00-00', '2000', NULL),
	('5aaf073a26e197.38052252', 52, 1, 'PC-', 10000, '0', '008', '0', 'kasir', '2018-03-19 07:41:30', 1, 1, '2018-04-01', '0000-00-00', '2000', NULL),
	('5aaf141865ba69.14234243', 53, 1, 'PC-', 10000, '0', '008', '0', 'kasir', '2018-03-19 08:36:24', 1, 1, '2018-04-01', '0000-00-00', '2000', NULL),
	('5aaf19dda87fd3.25816348', 54, 1, 'PC-', 10000, 'd608111c-2b17-1', '008', '0', 'kasir', '2018-03-19 09:01:01', 1, 1, '2018-04-01', '0000-00-00', '2000', NULL),
	('5aaf616bcf0d37.04149691', 55, 1, 'PC-', 10000, 'd608111c-2b17-1', '006', '0', 'kasir', '2018-03-19 14:06:19', 1, 1, '2018-04-01', '0000-00-00', '2000', NULL),
	('5aaf62fb3013c5.66931514', 56, 2, 'PC-', 10000, '', '0', '0', 'kasir', '2018-03-19 14:12:59', 1, 1, '2018-04-01', '0000-00-00', '2000', NULL),
	('5aaf630e0b79b3.10181207', 57, 2, 'PC-', 10000, '', '0', '0', 'kasir', '2018-03-19 14:13:18', 1, 2, '2018-04-01', '0000-00-00', '2000', NULL),
	('5aaf85ab0841e9.28261937', 58, 2, 'PC-', 10000, '0', '0', '0', 'kasir', '2018-03-19 16:40:59', 0, 0, '2018-04-01', '0000-00-00', '2000', NULL),
	('5aaf862367b047.18971499', 59, 1, 'PC-', 10000, '', '008', '0', 'kasir', '2018-03-19 16:42:59', 1, 1, '2018-04-01', '0000-00-00', '2000', NULL),
	('5ab3c2ec912709.09881002', 60, 2, 'PC-', 10000, '', '0', '0', 'kasir', '2018-03-22 21:51:24', 1, 0, '2018-04-01', '0000-00-00', '2000', NULL),
	('5ab3c30be033f2.80480678', 61, 2, 'PC-', 10000, '', '0', '0', 'kasir', '2018-03-22 21:51:55', 1, 0, '2018-04-01', '0000-00-00', '2000', NULL),
	('5ab3c384caf139.84586280', 62, 2, 'PC-', 10000, '0', '0', '0', 'kasir', '2018-03-22 21:53:56', 0, 0, '2018-04-01', '0000-00-00', '2000', NULL),
	('5ab47c7ccde6e9.07817232', 63, 1, 'PC-', 10000, '0', '008', '0', 'kasir', '2018-03-23 11:03:08', 0, 0, '2018-04-01', '0000-00-00', '2000', NULL),
	('5ab47dbf4fca37.98172874', 64, 1, 'PC-', 10000, '0', '008', '0', 'kasir', '2018-03-23 11:08:31', 0, 0, '2018-04-01', '0000-00-00', '2000', NULL),
	('5ab48255514a88.99201509', 65, 1, 'PC-', 10000, '0', '008', '0', 'kasir', '2018-03-23 11:28:05', 0, 0, '2018-04-01', '0000-00-00', '2000', NULL),
	('5ab483c843ac19.92861379', 66, 1, 'PC-', 10000, '0', '008', '0', 'kasir', '2018-03-23 11:34:16', 0, 2, '2018-04-01', '0000-00-00', '2000', NULL),
	('5abf2879278942.55065784', 67, 1, 'PC-', 10000, '0', '006', '0', 'kasir', '2018-03-31 13:19:37', 0, 1, '2018-04-01', '0000-00-00', '2000', NULL),
	('5abf318dc6b4e6.68013768', 68, 1, 'PC-', 10000, '', '0', '0', 'kasir', '2018-03-31 13:58:21', 1, 0, '2018-04-01', '0000-00-00', '2000', 2),
	('5abf3480101fb6.08198758', 69, 1, 'PC-', 10000, 'd608111c-2b17-1', '006', '0', 'kasir', '2018-03-31 14:10:56', 1, 1, '2018-04-01', '0000-00-00', '2000', 1),
	('5abf36f8465cc7.25557073', 70, 1, 'PC-', 10000, 'd608111c-2b17-1', '0', '0', 'kasir', '2018-03-31 14:21:28', 1, 4, '2018-04-01', '0000-00-00', '2000', 2),
	('5abf3b7f17ccc6.98927009', 71, 2, 'PC-', 10000, '', '0', '0', 'kasir', '2018-03-31 14:40:47', 1, 11, '2018-04-01', '0000-00-00', '2000', 2),
	('5abf577924e5a7.98990913', 72, 1, 'PC-', 10000, '0', '008', '0', 'kasir', '2018-03-31 16:40:09', 0, 0, '2018-04-01', '0000-00-00', '2000', 1),
	('5abf5914742080.57502370', 73, 0, 'PC-', 10000, '', '008', '0', 'kasir', '2018-03-31 16:47:00', 1, 20, '2018-04-01', '0000-00-00', '2000', 0),
	('5abf7dc307fc77.34957511', 74, 1, 'PC-', 10000, '0', '0', '0', 'kasir', '2018-03-31 19:23:31', 0, 0, '2018-04-01', '0000-00-00', '2000', 1),
	('5ac4517ced39e6.59822041', 75, 1, 'PC-', 10000, '0', '0', '0', '97503750167461889', '2018-04-04 11:15:56', 0, 0, '2018-04-01', '0000-00-00', '2000', 1),
	('5ac4e50b5a8b73.48900346', 76, 0, 'PC-', 10000, '', '0', '0', '97503750167461889', '2018-04-04 21:45:31', 1, 1, '2018-04-01', '0000-00-00', '2000', 0),
	('5ac4e6e6b85769.19272541', 77, 0, 'PC-', 10000, '', '0', '0', '97503750167461889', '2018-04-04 21:53:26', 1, 1, '2018-04-01', '0000-00-00', '2000', 0),
	('5ac4e7ed947608.31989062', 78, 0, 'PC-', 10000, '', '006', '0', '97503750167461889', '2018-04-04 21:57:49', 1, 1, '2018-04-01', '0000-00-00', '2000', 0),
	('5ac6334b201a38.70216541', 79, 1, 'PC-', 10000, '0', '006', '0', '97503750167461889', '2018-04-05 21:31:39', 0, 0, '2018-04-01', '0000-00-00', '2000', 1),
	('5ac639b1f1c155.82091396', 80, 0, 'PC-', 10000, '', '008', '0', '97503750167461889', '2018-04-05 21:58:57', 1, 2, '2018-04-01', '0000-00-00', '2000', 0),
	('5ac72c9685c833.64286529', 81, 1, 'PC-', 10000, '0', '008', '0', '97503750167461889', '2018-04-06 15:15:18', 0, 0, '2018-04-01', '0000-00-00', '2000', 1),
	('5b3ad731a156f2.26091589', 82, 1, 'PC-', 10000, '', '0', '0', '97503750167461889', '2018-07-03 08:53:53', 1, 1, '2018-07-03', '0000-00-00', '2000', 1),
	('5b3ad7b11b6094.60657757', 83, 1, 'PC-', 10000, 'd608111c-2b17-1', '0', '0', '97503750167461889', '2018-07-03 08:56:01', 1, 1, '2018-07-03', '0000-00-00', '2000', 1),
	('5b3ad849654808.80229137', 84, 1, 'PC-', 10000, 'd608111c-2b17-1', '0', '0', '97503750167461889', '2018-07-03 08:58:33', 1, 1, '2018-07-03', '0000-00-00', '2000', 1),
	('5b3afde62c27a0.86922701', 85, 1, 'PC-', 10000, '', '001', '0', '97503750167461889', '2018-07-03 11:39:02', 1, 1, '2018-07-03', '0000-00-00', '2000', 1),
	('5b448c3ccd6553.11081430', 86, 1, 'PC-', 10000, '', '009', '0', '97503750167461889', '2018-07-10 17:36:44', 1, 1, '2018-07-03', '0000-00-00', '2000', 1),
	('5b496d702cc718.83495875', 87, 1, 'PC-', 10000, '', '009', '0', '97503750167461889', '2018-07-14 10:26:40', 1, 1, '2018-07-14', '0000-00-00', '2000', 1),
	('5b6a71adb76e78.13879632', 88, 0, 'PC-', 10000, '2', '009', '0', '97503750167461889', '2018-08-08 11:29:33', 1, 3, '2018-09-19', '0000-00-00', '2000', 0),
	('5b9a1e890cdfa9.13156999', 89, 0, 'PC-', 10000, '', '001', '0', '6', '2018-09-13 15:23:37', 1, 7, '2018-09-19', '0000-00-00', '2000', 0),
	('5b9a33b7458c06.66295269', 90, 1, 'PC-', 10000, '2', '001', '0', '6', '2018-09-13 16:53:59', 1, 1, '2018-09-19', '0000-00-00', '2000', 1),
	('5ba0e72d9ac825.29561088', 91, 1, 'PC-', 10000, '2', '009', '0', '1', '2018-09-18 18:53:17', 1, 1, '2018-09-19', '0000-00-00', '2000', 1),
	('5ba0f7a4709056.01572923', 92, 1, 'PC-', 10000, '2', '001', '0', '6', '2018-09-18 20:03:32', 1, 2, '2018-09-19', '0000-00-00', '2000', 1),
	('5ba1b8ca1b51d1.58679215', 93, 1, 'PC-', 10000, '', '001', '0', '6', '2018-09-19 09:47:38', 1, 3, '2018-09-19', '0000-00-00', '2000', 1),
	('5ba256b5339e95.51586743', 94, 1, 'PC-', 10000, '', '012', '0', '6', '2018-09-19 21:01:25', 1, 2, '0000-00-00', '0000-00-00', '2000', 1),
	('5ba32570881a50.76598737', 95, 1, 'PC-', 10000, '4', '001', '0', '6', '2018-09-20 11:43:28', 1, 1, '0000-00-00', '0000-00-00', '2000', 1),
	('5ba5d8c32945d9.41571317', 96, 1, 'PC-', 10000, '2', '001', '0', '6', '2018-09-22 12:53:07', 1, 1, '0000-00-00', '0000-00-00', '2000', 1),
	('5ba5dcf456c6b2.07205050', 97, 1, 'PC-', 10000, '2', '002', '0', '6', '2018-09-22 13:11:00', 1, 2, '0000-00-00', '0000-00-00', '2000', 1),
	('5bf7d95b520144.08980446', 98, 1, 'PC-', 10000, '2', '001', '0', '6', '2018-11-23 17:41:31', 1, 1, '0000-00-00', '0000-00-00', '2000', 1),
	('5c07653fbe4bc0.56816910', 99, 1, 'PC-', 10000, '10', '001', '0', '8', '2018-12-05 12:42:23', 1, 5, '0000-00-00', '0000-00-00', '2000', 1);
/*!40000 ALTER TABLE `h_transaksi` ENABLE KEYS */;

-- Dumping structure for table apporder.m_jenis
CREATE TABLE IF NOT EXISTS `m_jenis` (
  `uniqid` varchar(25) NOT NULL,
  `id_jenis` varchar(7) NOT NULL,
  `id_coa` varchar(9) NOT NULL,
  `id_coa_potongan` varchar(9) NOT NULL,
  `nama_jenis` varchar(17) NOT NULL,
  `urutan` tinyint(1) NOT NULL DEFAULT '1',
  PRIMARY KEY (`uniqid`),
  UNIQUE KEY `id_jenis` (`id_jenis`)
) ENGINE=InnoDB DEFAULT CHARSET=latin1;

-- Dumping data for table apporder.m_jenis: ~4 rows (approximately)
/*!40000 ALTER TABLE `m_jenis` DISABLE KEYS */;
INSERT INTO `m_jenis` (`uniqid`, `id_jenis`, `id_coa`, `id_coa_potongan`, `nama_jenis`, `urutan`) VALUES
	('12312312312', '3', '', '', 'BubukKopi', 3),
	('234234234', '4', '', '', 'Snack', 4),
	('3w324234', '2', '4010003', '4010004', 'Minuman', 2),
	('975037501674618', '1', '4010001', '4010002', 'Makanan', 1);
/*!40000 ALTER TABLE `m_jenis` ENABLE KEYS */;

-- Dumping structure for table apporder.m_kategori
CREATE TABLE IF NOT EXISTS `m_kategori` (
  `uniqid` varchar(15) CHARACTER SET latin1 NOT NULL,
  `id_kategori` varchar(7) CHARACTER SET latin1 NOT NULL,
  `nama_kategori` varchar(15) CHARACTER SET latin1 NOT NULL,
  `urutan` tinyint(1) NOT NULL DEFAULT '1',
  `isi` varchar(50) CHARACTER SET latin1 NOT NULL,
  PRIMARY KEY (`uniqid`),
  UNIQUE KEY `id_kategori` (`id_kategori`)
) ENGINE=InnoDB DEFAULT CHARSET=utf8 COLLATE=utf8_bin ROW_FORMAT=COMPACT;

-- Dumping data for table apporder.m_kategori: ~7 rows (approximately)
/*!40000 ALTER TABLE `m_kategori` DISABLE KEYS */;
INSERT INTO `m_kategori` (`uniqid`, `id_kategori`, `nama_kategori`, `urutan`, `isi`) VALUES
	('1', '1', 'Meals', 1, ''),
	('2', '2', 'Coffee', 1, ''),
	('3', '3', 'B. Kopi', 1, ''),
	('4', '4', 'Milk&Tea', 1, ''),
	('5', '5', 'Choco', 1, ''),
	('6', '6', 'Juice', 1, ''),
	('7', '7', 'Noodle', 1, '');
/*!40000 ALTER TABLE `m_kategori` ENABLE KEYS */;

-- Dumping structure for table apporder.m_meja
CREATE TABLE IF NOT EXISTS `m_meja` (
  `uniqid` varchar(25) NOT NULL,
  `id_meja` varchar(10) NOT NULL,
  `urutan` tinyint(4) NOT NULL,
  `nama_meja` varchar(7) NOT NULL,
  `harga_tambahan_meja` decimal(7,0) NOT NULL DEFAULT '0',
  `status` tinyint(4) NOT NULL DEFAULT '0',
  `kondisi` tinyint(4) NOT NULL DEFAULT '0',
  PRIMARY KEY (`uniqid`),
  UNIQUE KEY `id_meja` (`id_meja`)
) ENGINE=InnoDB DEFAULT CHARSET=latin1;

-- Dumping data for table apporder.m_meja: ~15 rows (approximately)
/*!40000 ALTER TABLE `m_meja` DISABLE KEYS */;
INSERT INTO `m_meja` (`uniqid`, `id_meja`, `urutan`, `nama_meja`, `harga_tambahan_meja`, `status`, `kondisi`) VALUES
	('00dec8bb-0c7f-11e8-8399-7', '0', 0, 'No', 0, 0, 0),
	('9750312880649012115166754', '001', 1, 'T-1', 0, 0, 0),
	('9750312880649012215166754', '002', 2, 'T-2', 0, 0, 0),
	('9750312880649012315166754', '003', 3, 'T-3', 0, 0, 0),
	('9750312880649012415166754', '004', 4, 'T-4', 0, 0, 0),
	('9750312880649012515166754', '005', 5, 'T-5', 0, 0, 0),
	('9750312880649012615166754', '006', 6, 'T-6', 0, 0, 0),
	('9750312880649012715166754', '007', 7, 'T-7', 0, 0, 0),
	('9750312880649012815166754', '008', 8, 'T-8', 0, 0, 0),
	('9750312880649012915166754', '009', 9, 'T-9', 0, 0, 0),
	('9750312880649013015166754', '010', 10, 'T-10', 0, 0, 0),
	('9750312880649013115166754', '011', 11, 'T-11', 0, 0, 0),
	('9750312880649013215166754', '012', 12, 'T-12', 0, 0, 0),
	('9750312880649013315166754', '013', 13, 'T-13', 0, 0, 0),
	('9776115517436723215320522', '0015', 15, 'T-15', 0, 0, 0);
/*!40000 ALTER TABLE `m_meja` ENABLE KEYS */;

-- Dumping structure for table apporder.m_metode_pembayaran
CREATE TABLE IF NOT EXISTS `m_metode_pembayaran` (
  `id_metode` tinyint(1) NOT NULL,
  `nama_metode` varchar(12) NOT NULL,
  PRIMARY KEY (`id_metode`)
) ENGINE=InnoDB DEFAULT CHARSET=latin1;

-- Dumping data for table apporder.m_metode_pembayaran: ~2 rows (approximately)
/*!40000 ALTER TABLE `m_metode_pembayaran` DISABLE KEYS */;
INSERT INTO `m_metode_pembayaran` (`id_metode`, `nama_metode`) VALUES
	(1, 'Direct'),
	(2, 'Take-Away');
/*!40000 ALTER TABLE `m_metode_pembayaran` ENABLE KEYS */;

-- Dumping structure for table apporder.m_product
CREATE TABLE IF NOT EXISTS `m_product` (
  `uniqid` varchar(25) NOT NULL,
  `id_product` varchar(15) NOT NULL,
  `id_kategori` varchar(8) NOT NULL,
  `id_jenis` char(8) NOT NULL,
  `nama_product` varchar(20) NOT NULL,
  `harga` decimal(15,0) NOT NULL,
  `deskripsi` varchar(25) DEFAULT NULL,
  `gambar` varchar(100) DEFAULT 'nophoto.jpg',
  `discount` decimal(2,0) NOT NULL,
  `tgl_dibuat` timestamp NOT NULL DEFAULT CURRENT_TIMESTAMP,
  `user_pembuat` varchar(10) NOT NULL,
  `status` tinyint(1) NOT NULL,
  PRIMARY KEY (`uniqid`),
  UNIQUE KEY `id_product` (`id_product`),
  KEY `kategori` (`id_kategori`),
  KEY `jenis` (`id_jenis`),
  CONSTRAINT `jenis` FOREIGN KEY (`id_jenis`) REFERENCES `m_jenis` (`id_jenis`) ON UPDATE CASCADE,
  CONSTRAINT `kategori` FOREIGN KEY (`id_kategori`) REFERENCES `m_kategori` (`id_kategori`) ON UPDATE CASCADE
) ENGINE=InnoDB DEFAULT CHARSET=latin1;

-- Dumping data for table apporder.m_product: ~157 rows (approximately)
/*!40000 ALTER TABLE `m_product` DISABLE KEYS */;
INSERT INTO `m_product` (`uniqid`, `id_product`, `id_kategori`, `id_jenis`, `nama_product`, `harga`, `deskripsi`, `gambar`, `discount`, `tgl_dibuat`, `user_pembuat`, `status`) VALUES
	('1', '100001', '1', '1', 'Ayam Penyet Blues', 20000, NULL, 'nophoto.jpg', 0, '2018-03-31 14:40:00', '', 0),
	('10', '300001', '3', '3', 'Kemasan Arabica Spec', 40000, NULL, 'nophoto.jpg', 0, '2018-03-31 14:40:00', '', 0),
	('100', '200064', '4', '2', 'Hot Lemon Tea Blues', 10000, NULL, 'nophoto.jpg', 0, '2018-03-31 14:40:03', '', 0),
	('101', '200065', '4', '2', 'Hot Tea Tarik Blues', 10000, NULL, 'nophoto.jpg', 0, '2018-03-31 14:40:03', '', 0),
	('102', '200066', '4', '2', 'Teh Botol Sosro', 6000, NULL, 'nophoto.jpg', 0, '2018-03-31 14:40:03', '', 0),
	('103', '200067', '4', '2', 'Teh Botol Sosro Ding', 8000, NULL, 'nophoto.jpg', 0, '2018-03-31 14:40:03', '', 0),
	('104', '200068', '4', '2', 'Air Mineral', 3000, NULL, 'nophoto.jpg', 0, '2018-03-31 14:40:03', '', 0),
	('105', '200069', '4', '2', 'Pudding Telur Ayam K', 10000, NULL, 'nophoto.jpg', 0, '2018-03-31 14:40:03', '', 0),
	('106', '200070', '6', '2', 'Juice Melon Blues', 15000, NULL, 'nophoto.jpg', 0, '2018-03-31 14:40:03', '', 0),
	('107', '200071', '6', '2', 'Juice Jeruk Blues', 15000, NULL, 'nophoto.jpg', 0, '2018-03-31 14:40:03', '', 0),
	('108', '200072', '6', '2', 'Juice Buah Naga Blue', 15000, NULL, 'nophoto.jpg', 0, '2018-03-31 14:40:03', '', 0),
	('109', '200073', '6', '2', 'Lemon Squash Blues', 15000, NULL, 'nophoto.jpg', 0, '2018-03-31 14:40:03', '', 0),
	('11', '300002', '3', '3', 'Kemasan Arabica Spec', 90000, NULL, 'nophoto.jpg', 0, '2018-03-31 14:40:00', '', 0),
	('110', '200074', '6', '2', 'Lime Juice Blues', 15000, NULL, 'nophoto.jpg', 0, '2018-03-31 14:40:03', '', 0),
	('111', '100016', '7', '1', 'Fettucini Carbonara ', 27000, NULL, 'nophoto.jpg', 0, '2018-03-31 14:40:03', '', 0),
	('112', '100017', '7', '1', 'Fritata Blues', 20000, NULL, 'nophoto.jpg', 0, '2018-03-31 14:40:03', '', 0),
	('113', '100018', '7', '1', 'Pizza Tortilla Blues', 22000, NULL, 'nophoto.jpg', 0, '2018-03-31 14:40:03', '', 0),
	('114', '100019', '7', '1', 'Kebab Blues', 18000, NULL, 'nophoto.jpg', 0, '2018-03-31 14:40:03', '', 0),
	('115', '100020', '1', '1', 'Chicken Wing Blues', 20000, NULL, 'nophoto.jpg', 0, '2018-03-31 14:40:03', '', 0),
	('116', '100021', '7', '1', 'Kentang Goreng', 15000, NULL, 'nophoto.jpg', 0, '2018-03-31 14:40:03', '', 0),
	('117', '100022', '7', '1', 'Ubi Goreng Blues', 15000, NULL, 'nophoto.jpg', 0, '2018-03-31 14:40:03', '', 0),
	('118', '100023', '7', '1', 'Waffle Original Madu', 15000, NULL, 'nophoto.jpg', 0, '2018-03-31 14:40:03', '', 0),
	('119', '100024', '7', '1', 'Waffle Coklat Blues', 18000, NULL, 'nophoto.jpg', 0, '2018-03-31 14:40:03', '', 0),
	('12', '300003', '3', '3', 'Kemasan Arabica Spec', 180000, NULL, 'nophoto.jpg', 0, '2018-03-31 14:40:00', '', 0),
	('120', '100025', '7', '1', 'Waffle Srikaya Blues', 18000, NULL, 'nophoto.jpg', 0, '2018-03-31 14:40:03', '', 0),
	('121', '100027', '7', '1', 'Waffle Ice Cream Cok', 20000, NULL, 'nophoto.jpg', 0, '2018-03-31 14:40:03', '', 0),
	('122', '100028', '7', '1', 'Waffle Ice Cream Van', 20000, NULL, 'nophoto.jpg', 0, '2018-03-31 14:40:03', '', 0),
	('123', '100029', '7', '1', 'Waffle Ice Cream Bua', 28000, NULL, 'nophoto.jpg', 0, '2018-03-31 14:40:03', '', 0),
	('124', '100030', '7', '1', 'Roti Bakar Coklat Bl', 15000, NULL, 'nophoto.jpg', 0, '2018-03-31 14:40:03', '', 0),
	('125', '100031', '7', '1', 'Roti Bakar Keju Blue', 15000, NULL, 'nophoto.jpg', 0, '2018-03-31 14:40:03', '', 0),
	('126', '100032', '7', '1', 'Roti Bakar Srikaya B', 15000, NULL, 'nophoto.jpg', 0, '2018-03-31 14:40:03', '', 0),
	('127', '100033', '7', '1', 'Roti Bakar Ice Cream', 20000, NULL, 'nophoto.jpg', 0, '2018-03-31 14:40:04', '', 0),
	('128', '100034', '7', '1', 'Roti Bakar Ice Cream', 20000, NULL, 'nophoto.jpg', 0, '2018-03-31 14:40:04', '', 0),
	('129', '200075', '4', '2', 'Es Kosong', 2000, NULL, 'nophoto.jpg', 0, '2018-03-31 14:40:04', '', 0),
	('13', '300004', '3', '3', 'Kemasan Arabica Spec', 350000, NULL, 'nophoto.jpg', 0, '2018-03-31 14:40:00', '', 0),
	('130', '200076', '2', '2', 'TKMTelur Esspresso M', 25000, NULL, 'nophoto.jpg', 0, '2018-03-31 14:40:04', '', 0),
	('131', '200078', '4', '2', 'Air Mineral + Es Bat', 5000, NULL, 'nophoto.jpg', 0, '2018-03-31 14:40:04', '', 0),
	('132', '200079', '6', '2', 'Topping Es Krim', 5000, NULL, 'nophoto.jpg', 0, '2018-03-31 14:40:04', '', 0),
	('133', '100035', '7', '1', 'Cemilan', 8000, NULL, 'nophoto.jpg', 0, '2018-03-31 14:40:04', '', 0),
	('134', '100036', '1', '1', 'Roti Bakar Coklat Ke', 20000, NULL, 'nophoto.jpg', 0, '2018-03-31 14:40:04', '', 0),
	('135', '100037', '1', '1', 'Tambah Telur', 3000, NULL, 'nophoto.jpg', 0, '2018-03-31 14:40:04', '', 0),
	('136', '200080', '4', '2', 'Air Putih Teko', 5000, NULL, 'nophoto.jpg', 0, '2018-03-31 14:40:04', '', 0),
	('137', '100038', '4', '2', 'Tambah Topping', 5000, NULL, 'nophoto.jpg', 0, '2018-03-31 14:40:04', '', 0),
	('138', '100039', '7', '1', 'Waffle Oreo Blues', 18000, NULL, 'nophoto.jpg', 0, '2018-03-31 14:40:04', '', 0),
	('139', '100040', '7', '1', 'Waffle Coklat Keju B', 23000, NULL, 'nophoto.jpg', 0, '2018-03-31 14:40:04', '', 0),
	('14', '200001', '2', '2', 'Espresso Blues', 20000, NULL, 'nophoto.jpg', 0, '2018-03-31 14:40:00', '', 0),
	('140', '100041', '7', '1', 'Sosis Rolll Blues', 15000, NULL, 'nophoto.jpg', 0, '2018-03-31 14:40:04', '', 0),
	('141', '100042', '7', '1', 'Sosis Blues', 10000, NULL, 'nophoto.jpg', 0, '2018-03-31 14:40:04', '', 0),
	('142', '200081', '4', '2', 'Pink Lady Blues', 25000, NULL, 'nophoto.jpg', 0, '2018-03-31 14:40:04', '', 0),
	('143', '100043', '2', '2', 'Ice Chocolate Tirami', 15000, NULL, 'nophoto.jpg', 0, '2018-03-31 14:40:04', '', 0),
	('144', '100044', '1', '1', 'Pisang Crispy Blues', 15000, NULL, 'nophoto.jpg', 0, '2018-03-31 14:40:04', '', 0),
	('145', '200082', '2', '2', 'Sanger Robusta Blues', 10000, NULL, 'nophoto.jpg', 0, '2018-03-31 14:40:04', '', 0),
	('146', '200083', '2', '2', 'Cold Brew', 50000, NULL, 'nophoto.jpg', 0, '2018-03-31 14:40:04', '', 0),
	('147', '300023', '3', '3', 'Kemasan Arabica Natu', 130000, NULL, 'nophoto.jpg', 0, '2018-03-31 14:40:04', '', 0),
	('148', '100045', '1', '4', 'Kripik Kentang Blues', 5000, NULL, 'nophoto.jpg', 0, '2018-03-31 14:40:04', '', 0),
	('149', '100046', '1', '4', 'Kripik Kentang Blues', 22000, NULL, 'nophoto.jpg', 0, '2018-03-31 14:40:04', '', 0),
	('15', '200002', '2', '2', 'Double Espresso Blue', 25000, NULL, 'nophoto.jpg', 0, '2018-03-31 14:40:00', '', 0),
	('150', '200084', '2', '2', 'Tubruk Green Coffee', 50000, NULL, 'nophoto.jpg', 0, '2018-03-31 14:40:04', '', 0),
	('151', '300024', '3', '3', 'Kemasan Green Coffee', 150000, NULL, 'nophoto.jpg', 0, '2018-03-31 14:40:04', '', 0),
	('152', '200085', '2', '2', 'Ice Cappucino Cincau', 25000, NULL, 'nophoto.jpg', 0, '2018-03-31 14:40:04', '', 0),
	('153', '200086', '2', '2', 'Tubruk Natural Blues', 25000, NULL, 'nophoto.jpg', 0, '2018-03-31 14:40:04', '', 0),
	('154', '200087', '2', '2', 'Tubruk Semi Wash Blu', 25000, NULL, 'nophoto.jpg', 0, '2018-03-31 14:40:04', '', 0),
	('155', '200088', '2', '2', 'Tubruk Peaberry Blue', 25000, NULL, 'nophoto.jpg', 0, '2018-03-31 14:40:04', '', 0),
	('156', '200089', '2', '2', 'Tubruk Honey Blues', 25000, NULL, 'nophoto.jpg', 0, '2018-03-31 14:40:04', '', 0),
	('157', '200090', '2', '2', 'V60 Semi Wash Blues', 30000, NULL, 'nophoto.jpg', 0, '2018-03-31 14:40:04', '', 0),
	('16', '200003', '2', '2', 'Long Black Blues', 15000, NULL, 'nophoto.jpg', 0, '2018-03-31 14:40:00', '', 0),
	('17', '200004', '2', '2', 'Caffe Latte Blues', 18000, NULL, 'nophoto.jpg', 0, '2018-03-31 14:40:00', '', 0),
	('18', '300005', '3', '3', 'Kemasan Arabica Peab', 47000, NULL, 'nophoto.jpg', 0, '2018-03-31 14:40:01', '', 0),
	('19', '300006', '3', '3', 'Kemasan Arabica Peab', 110000, NULL, 'nophoto.jpg', 0, '2018-03-31 14:40:01', '', 0),
	('2', '100002', '1', '1', 'Nasi Goreng Blues', 15000, NULL, 'nophoto.jpg', 0, '2018-03-31 14:40:00', '', 0),
	('20', '300007', '3', '3', 'Kemasan Arabica Peab', 220000, NULL, 'nophoto.jpg', 0, '2018-03-31 14:40:01', '', 0),
	('21', '300008', '3', '3', 'Kemasan Arabica Peab', 400000, NULL, 'nophoto.jpg', 0, '2018-03-31 14:40:01', '', 0),
	('22', '300009', '3', '3', 'Kemasan Arabica Wine', 80000, NULL, 'nophoto.jpg', 0, '2018-03-31 14:40:01', '', 0),
	('23', '300010', '3', '3', 'Kemasan Arabica Wine', 200000, NULL, 'nophoto.jpg', 0, '2018-03-31 14:40:01', '', 0),
	('24', '300011', '3', '3', 'Kemasan Arabica Wine', 400000, NULL, 'nophoto.jpg', 0, '2018-03-31 14:40:01', '', 0),
	('25', '300012', '3', '3', 'Kemasan Arabica Wine', 800000, NULL, 'nophoto.jpg', 0, '2018-03-31 14:40:01', '', 0),
	('26', '300013', '3', '3', 'Kemasan Arabica Luwa', 150000, NULL, 'nophoto.jpg', 0, '2018-03-31 14:40:01', '', 0),
	('27', '300014', '3', '3', 'Kemasan Arabica Luwa', 350000, NULL, 'nophoto.jpg', 0, '2018-03-31 14:40:01', '', 0),
	('28', '300015', '3', '3', 'Kemasan Arabica Luwa', 550000, NULL, 'nophoto.jpg', 0, '2018-03-31 14:40:01', '', 0),
	('29', '300016', '3', '3', 'Kemasan Arabica Luwa', 1000000, NULL, 'nophoto.jpg', 0, '2018-03-31 14:40:01', '', 0),
	('3', '100009', '1', '1', 'Nasi Goreng Terasi B', 15000, NULL, 'nophoto.jpg', 0, '2018-03-31 14:40:00', '', 0),
	('30', '300022', '3', '3', 'Kemasan Arabica Prem', 26000, NULL, 'nophoto.jpg', 0, '2018-03-31 14:40:01', '', 0),
	('31', '300017', '3', '3', 'Kemasan Arabica Prem', 50000, NULL, 'nophoto.jpg', 0, '2018-03-31 14:40:01', '', 0),
	('32', '300019', '3', '3', 'Kemasan Arabica Prem', 90000, NULL, 'nophoto.jpg', 0, '2018-03-31 14:40:01', '', 0),
	('33', '300020', '3', '3', 'Kemasan Arabica Prem', 90000, NULL, 'nophoto.jpg', 0, '2018-03-31 14:40:01', '', 0),
	('34', '300021', '3', '3', 'Kemasan Arabica Prem', 180000, NULL, 'nophoto.jpg', 0, '2018-03-31 14:40:01', '', 0),
	('35', '100010', '1', '1', 'Nasi Putih', 3000, NULL, 'nophoto.jpg', 0, '2018-03-31 14:40:01', '', 0),
	('36', '100011', '7', '1', 'Indomie Kuah Blues', 12000, NULL, 'nophoto.jpg', 0, '2018-03-31 14:40:01', '', 0),
	('37', '100012', '7', '1', 'Indomie Goreng Blues', 12000, NULL, 'nophoto.jpg', 0, '2018-03-31 14:40:01', '', 0),
	('38', '100013', '7', '1', 'Bihun Goreng Blues', 15000, NULL, 'nophoto.jpg', 0, '2018-03-31 14:40:01', '', 0),
	('39', '100014', '7', '1', 'Ifu Mie Goreng Blues', 15000, NULL, 'nophoto.jpg', 0, '2018-03-31 14:40:01', '', 0),
	('4', '100003', '1', '1', 'Nasi Goreng Sosis Bl', 18000, NULL, 'nophoto.jpg', 0, '2018-03-31 14:40:00', '', 0),
	('40', '100015', '7', '1', 'Spaghetti Bolognese ', 25000, NULL, 'nophoto.jpg', 0, '2018-03-31 14:40:01', '', 0),
	('41', '200005', '2', '2', 'Americano Blues', 15000, NULL, 'nophoto.jpg', 0, '2018-03-31 14:40:01', '', 0),
	('42', '200006', '2', '2', 'Cappucino Blues', 18000, NULL, 'nophoto.jpg', 0, '2018-03-31 14:40:01', '', 0),
	('43', '200007', '2', '2', 'Sanger Vietnam Blues', 15000, NULL, 'nophoto.jpg', 0, '2018-03-31 14:40:01', '', 0),
	('44', '200008', '2', '2', 'Sanger Blues', 10000, NULL, 'nophoto.jpg', 0, '2018-03-31 14:40:01', '', 0),
	('45', '200009', '2', '2', 'Kopi Tubruk Robusta ', 10000, NULL, 'nophoto.jpg', 0, '2018-03-31 14:40:01', '', 0),
	('46', '200010', '2', '2', 'Kopi Tubruk Single O', 15000, NULL, 'nophoto.jpg', 0, '2018-03-31 14:40:01', '', 0),
	('47', '200011', '2', '2', 'Syphon Arabica Speci', 25000, NULL, 'nophoto.jpg', 0, '2018-03-31 14:40:01', '', 0),
	('48', '200012', '2', '2', 'Syphon Arabica Peabe', 35000, NULL, 'nophoto.jpg', 0, '2018-03-31 14:40:01', '', 0),
	('49', '200013', '2', '2', 'Syphon Arabica Natur', 30000, NULL, 'nophoto.jpg', 0, '2018-03-31 14:40:01', '', 0),
	('5', '100004', '1', '1', 'Nasi Goreng Kornet B', 20000, NULL, 'nophoto.jpg', 0, '2018-03-31 14:40:00', '', 0),
	('50', '200014', '2', '2', 'Syphon Arabica Honey', 30000, NULL, 'nophoto.jpg', 0, '2018-03-31 14:40:01', '', 0),
	('51', '200015', '2', '2', 'Syphon Arabica Wine ', 50000, NULL, 'nophoto.jpg', 0, '2018-03-31 14:40:01', '', 0),
	('52', '200016', '2', '2', 'Syphon Arabica Luwak', 50000, NULL, 'nophoto.jpg', 0, '2018-03-31 14:40:01', '', 0),
	('53', '200017', '2', '2', 'Syphon Arabica Full ', 30000, NULL, 'nophoto.jpg', 0, '2018-03-31 14:40:01', '', 0),
	('54', '200018', '2', '2', 'V60 Arabica Specialt', 25000, NULL, 'nophoto.jpg', 0, '2018-03-31 14:40:01', '', 0),
	('55', '200019', '2', '2', 'V60 Arabica Peaberry', 35000, NULL, 'nophoto.jpg', 0, '2018-03-31 14:40:02', '', 0),
	('56', '200020', '2', '2', 'V60 Arabica Natural ', 30000, NULL, 'nophoto.jpg', 0, '2018-03-31 14:40:02', '', 0),
	('57', '200021', '2', '2', 'V60 Arabica Honey Bl', 30000, NULL, 'nophoto.jpg', 0, '2018-03-31 14:40:02', '', 0),
	('58', '200022', '2', '2', 'V60 Arabica Wine Blu', 50000, NULL, 'nophoto.jpg', 0, '2018-03-31 14:40:02', '', 0),
	('59', '200023', '2', '2', 'V60 Arabica Luwak Bl', 50000, NULL, 'nophoto.jpg', 0, '2018-03-31 14:40:02', '', 0),
	('6', '100005', '1', '1', 'Nasi Goreng Daging A', 20000, NULL, 'nophoto.jpg', 0, '2018-03-31 14:40:00', '', 0),
	('60', '200024', '2', '2', 'V60 Arabica Full Was', 30000, NULL, 'nophoto.jpg', 0, '2018-03-31 14:40:02', '', 0),
	('61', '200025', '2', '2', 'French Press Arabica', 20000, NULL, 'nophoto.jpg', 0, '2018-03-31 14:40:02', '', 0),
	('62', '200026', '2', '2', 'French Press Arabica', 30000, NULL, 'nophoto.jpg', 0, '2018-03-31 14:40:02', '', 0),
	('63', '200027', '2', '2', 'French Press Arabica', 30000, NULL, 'nophoto.jpg', 0, '2018-03-31 14:40:02', '', 0),
	('64', '200028', '2', '2', 'French Press Arabica', 35000, NULL, 'nophoto.jpg', 0, '2018-03-31 14:40:02', '', 0),
	('65', '200029', '2', '2', 'French Press Arabica', 50000, NULL, 'nophoto.jpg', 0, '2018-03-31 14:40:02', '', 0),
	('66', '200030', '2', '2', 'French Press Arabica', 50000, NULL, 'nophoto.jpg', 0, '2018-03-31 14:40:02', '', 0),
	('67', '200031', '2', '2', 'French Press Arabica', 30000, NULL, 'nophoto.jpg', 0, '2018-03-31 14:40:02', '', 0),
	('68', '200032', '2', '2', 'Mokapot Arabica Spec', 25000, NULL, 'nophoto.jpg', 0, '2018-03-31 14:40:02', '', 0),
	('69', '200033', '2', '2', 'Mokapot Arabica Peab', 35000, NULL, 'nophoto.jpg', 0, '2018-03-31 14:40:02', '', 0),
	('7', '100006', '1', '1', 'Nasi Goreng Spesial ', 20000, NULL, 'nophoto.jpg', 0, '2018-03-31 14:40:00', '', 0),
	('70', '200034', '2', '2', 'Mokapot Arabica Natu', 30000, NULL, 'nophoto.jpg', 0, '2018-03-31 14:40:02', '', 0),
	('71', '200035', '2', '2', 'Mokapot Arabica Hone', 30000, NULL, 'nophoto.jpg', 0, '2018-03-31 14:40:02', '', 0),
	('72', '200036', '2', '2', 'Mokapot Arabica Wine', 50000, NULL, 'nophoto.jpg', 0, '2018-03-31 14:40:02', '', 0),
	('73', '200037', '2', '2', 'Mokapot Arabica Luwa', 50000, NULL, 'nophoto.jpg', 0, '2018-03-31 14:40:02', '', 0),
	('74', '200038', '2', '2', 'Mokapot Arabica Full', 30000, NULL, 'nophoto.jpg', 0, '2018-03-31 14:40:02', '', 0),
	('75', '200039', '2', '2', 'Black Eyes Specialty', 30000, NULL, 'nophoto.jpg', 0, '2018-03-31 14:40:02', '', 0),
	('76', '200040', '2', '2', 'Affogato Blues Es Kr', 25000, NULL, 'nophoto.jpg', 0, '2018-03-31 14:40:02', '', 0),
	('77', '200041', '4', '2', 'Ice Milk Tea Grass J', 20000, NULL, 'nophoto.jpg', 0, '2018-03-31 14:40:02', '', 0),
	('78', '200042', '4', '2', 'Ice Milk Tea Float V', 25000, NULL, 'nophoto.jpg', 0, '2018-03-31 14:40:02', '', 0),
	('79', '200043', '2', '2', 'Frappucino Blues', 30000, NULL, 'nophoto.jpg', 0, '2018-03-31 14:40:02', '', 0),
	('8', '100007', '1', '1', 'Nasi Goreng Teri Med', 22000, NULL, 'nophoto.jpg', 0, '2018-03-31 14:40:00', '', 0),
	('80', '200044', '2', '2', 'Avocado Coffee Blues', 25000, NULL, 'nophoto.jpg', 0, '2018-03-31 14:40:02', '', 0),
	('81', '200045', '2', '2', 'Ice Long Black Blues', 18000, NULL, 'nophoto.jpg', 0, '2018-03-31 14:40:02', '', 0),
	('82', '200046', '2', '2', 'Ice Caffee Latte Blu', 20000, NULL, 'nophoto.jpg', 0, '2018-03-31 14:40:02', '', 0),
	('83', '200047', '2', '2', 'Ice Cappucino Blues', 20000, NULL, 'nophoto.jpg', 0, '2018-03-31 14:40:02', '', 0),
	('84', '200048', '2', '2', 'Ice Sanger Blues', 12000, NULL, 'nophoto.jpg', 0, '2018-03-31 14:40:02', '', 0),
	('85', '200049', '2', '2', 'Ice Coffee Caramel B', 20000, NULL, 'nophoto.jpg', 0, '2018-03-31 14:40:02', '', 0),
	('86', '200050', '2', '2', 'Ice Coffee Vanilla B', 20000, NULL, 'nophoto.jpg', 0, '2018-03-31 14:40:02', '', 0),
	('87', '200051', '2', '2', 'Ice Coffee Tiramisu ', 20000, NULL, 'nophoto.jpg', 0, '2018-03-31 14:40:02', '', 0),
	('88', '200052', '2', '2', 'Ice Coffee Irish Blu', 20000, NULL, 'nophoto.jpg', 0, '2018-03-31 14:40:02', '', 0),
	('89', '200053', '2', '2', 'Ice Coffee Hazelnut ', 20000, NULL, 'nophoto.jpg', 0, '2018-03-31 14:40:03', '', 0),
	('9', '100008', '1', '1', 'Nasi Goreng Gila Blu', 22000, NULL, 'nophoto.jpg', 0, '2018-03-31 14:40:00', '', 0),
	('90', '200054', '5', '2', 'Ice Chocolate Hazeln', 20000, NULL, 'nophoto.jpg', 0, '2018-03-31 14:40:03', '', 0),
	('91', '200055', '5', '2', 'Ice Chocolate Carame', 20000, NULL, 'nophoto.jpg', 0, '2018-03-31 14:40:03', '', 0),
	('92', '200056', '4', '2', 'Ice Milk Full Cream ', 13000, NULL, 'nophoto.jpg', 0, '2018-03-31 14:40:03', '', 0),
	('93', '200057', '5', '2', 'Ice Chocolate Blues', 18000, NULL, 'nophoto.jpg', 0, '2018-03-31 14:40:03', '', 0),
	('94', '200058', '5', '2', 'Ice Chocolate Latte ', 20000, NULL, 'nophoto.jpg', 0, '2018-03-31 14:40:03', '', 0),
	('95', '200059', '4', '2', 'Ice Lemon Tea Blues', 13000, NULL, 'nophoto.jpg', 0, '2018-03-31 14:40:03', '', 0),
	('96', '200060', '4', '2', 'Ice Tea Tarik Blues', 13000, NULL, 'nophoto.jpg', 0, '2018-03-31 14:40:03', '', 0),
	('97', '200061', '5', '2', 'Hot Chocolate Blues', 15000, NULL, 'nophoto.jpg', 0, '2018-03-31 14:40:03', '', 0),
	('98', '200062', '5', '2', 'Hot Chocolate Latte ', 18000, NULL, 'nophoto.jpg', 0, '2018-03-31 14:40:03', '', 0),
	('99', '200063', '4', '2', 'Hot Milk Full Cream ', 10000, NULL, 'nophoto.jpg', 0, '2018-03-31 14:40:03', '', 0);
/*!40000 ALTER TABLE `m_product` ENABLE KEYS */;

-- Dumping structure for table apporder.m_product_point
CREATE TABLE IF NOT EXISTS `m_product_point` (
  `uniqid` varchar(25) NOT NULL,
  `id_product` varchar(15) NOT NULL,
  `nama_product` varchar(20) NOT NULL,
  `harga_point` decimal(15,0) NOT NULL,
  `gambar` varchar(100) DEFAULT 'nophoto.jpg',
  `status` tinyint(1) NOT NULL,
  PRIMARY KEY (`uniqid`)
) ENGINE=InnoDB DEFAULT CHARSET=latin1;

-- Dumping data for table apporder.m_product_point: ~1 rows (approximately)
/*!40000 ALTER TABLE `m_product_point` DISABLE KEYS */;
INSERT INTO `m_product_point` (`uniqid`, `id_product`, `nama_product`, `harga_point`, `gambar`, `status`) VALUES
	('32423423', '1', 'gantungan kunci', 1, 'nophoto.jpg', 0);
/*!40000 ALTER TABLE `m_product_point` ENABLE KEYS */;

/*!40101 SET SQL_MODE=IFNULL(@OLD_SQL_MODE, '') */;
/*!40014 SET FOREIGN_KEY_CHECKS=IF(@OLD_FOREIGN_KEY_CHECKS IS NULL, 1, @OLD_FOREIGN_KEY_CHECKS) */;
/*!40101 SET CHARACTER_SET_CLIENT=@OLD_CHARACTER_SET_CLIENT */;
